Chellow Id,Standard Settlement Configuration ID,Standard Settlement Configuration Description,Standard Settlement Configuration Type,Effective From Settlement Date (SSC),Effective To Settlement Date (SSC)
1,0003,10-hour OP,1,1996-04-01 00:00:00+00,
2,0004,10-hour OP,1,1996-04-01 00:00:00+00,
3,0005,10-hour OP + w/e,1,1996-04-01 00:00:00+00,
4,0006,10.5-hour OP,1,1996-04-01 00:00:00+00,
5,0007,10.5-hour OP,1,1996-04-01 00:00:00+00,
6,0008,10.5-hour OP,1,1996-04-01 00:00:00+00,
7,0009,10.5-hour OP,1,1996-04-01 00:00:00+00,
8,0010,10.5-hour OP,1,1996-04-01 00:00:00+00,
9,0011,10.5-hour OP,1,1996-04-01 00:00:00+00,
10,0012,10.5-hour OP,1,1996-04-01 00:00:00+00,
11,0013,11 Hour OP,1,1996-04-01 00:00:00+00,
12,0015,11 Hour OP,1,1996-04-01 00:00:00+00,
13,0016,11.5-hour OP,1,1996-04-01 00:00:00+00,
14,0017,11.5-hour OP,1,1996-04-01 00:00:00+00,
15,0018,11.5-hour OP,1,1996-04-01 00:00:00+00,
16,0019,11.5-hour OP,1,1996-04-01 00:00:00+00,
17,0020,11.5-hour OP,1,1996-04-01 00:00:00+00,
18,0021,11.5-hour OP,1,1996-04-01 00:00:00+00,
19,0022,11.5-hour OP,1,1996-04-01 00:00:00+00,
20,0023,11-hour OP,1,1996-04-01 00:00:00+00,
21,0024,11-hour OP,1,1996-04-01 00:00:00+00,
22,0025,11-hour OP,1,1996-04-01 00:00:00+00,
23,0026,11-hour OP,1,1996-04-01 00:00:00+00,
24,0028,11-hour OP,1,1996-04-01 00:00:00+00,
25,0029,11-hour OP,1,1996-04-01 00:00:00+00,
26,0030,11-hour OP,1,1996-04-01 00:00:00+00,
27,0031,11-hour OP,1,1996-04-01 00:00:00+00,
28,0032,11-hour OP,1,1996-04-01 00:00:00+00,
29,0033,11-hour OP,1,1996-04-01 00:00:00+00,
30,0034,11-hour OP,1,1996-04-01 00:00:00+00,
31,0035,11-hour OP,1,1996-04-01 00:00:00+00,
32,0036,11-hour OP,1,1996-04-01 00:00:00+00,
33,0037,11-hour OP,1,1996-04-01 00:00:00+00,
34,0038,11-hour OP,1,1996-04-01 00:00:00+00,
35,0039,11-hour OP,1,1996-04-01 00:00:00+00,
36,0040,11.5-hour OP,1,1996-04-01 00:00:00+00,
37,0041,8.5-hour OP,1,1996-04-01 00:00:00+00,
38,0042,9-hour OP,1,1996-04-01 00:00:00+00,
39,0043,9-hour OP,1,1996-04-01 00:00:00+00,
40,0044,8.5-hour OP,1,1996-04-01 00:00:00+00,
41,0045,11-hour OP + Summer,1,1996-04-01 00:00:00+00,
42,0046,11-hour OP + w/e,1,1996-04-01 00:00:00+00,
43,0047,11-hour OP + w/e & Summer,1,1996-04-01 00:00:00+00,
44,0048,11-hour OP + weekends,1,1996-04-01 00:00:00+00,
45,0049,11.5-hour OP,1,1996-04-01 00:00:00+00,
46,0050,12-hour  OP + w/e & Summer,1,1996-04-01 00:00:00+00,
47,0051,12-hour night,1,1996-04-01 00:00:00+00,
48,0052,12-hour OP,1,1996-04-01 00:00:00+00,
49,0053,12-hour OP,1,1996-04-01 00:00:00+00,
50,0055,12-hour OP,1,1996-04-01 00:00:00+00,
51,0056,12-hour OP,1,1996-04-01 00:00:00+00,
52,0057,12-hour OP,1,1996-04-01 00:00:00+00,
53,0058,Key Meter pseudo 2-rate,1,1996-04-01 00:00:00+00,
54,0059,12-hour OP,1,1996-04-01 00:00:00+00,
55,0060,12-hour OP,1,1996-04-01 00:00:00+00,
56,0062,8-hour OP (see also SSC 427),1,1996-04-01 00:00:00+00,
57,0063,9-hour OP,1,1996-04-01 00:00:00+00,
58,0064,12-hour OP,1,1996-04-01 00:00:00+00,
59,0065,12-hour OP + Summer,1,1996-04-01 00:00:00+00,
60,0066,12-hour OP + Summer,1,1996-04-01 00:00:00+00,
61,0067,12.5-hour OP,1,1996-04-01 00:00:00+00,
62,0071,12.5-hour OP,1,1996-04-01 00:00:00+00,
63,0072,12.5-hour OP,1,1996-04-01 00:00:00+00,
64,0073,12.5-hour OP,1,1996-04-01 00:00:00+00,
65,0074,12.5-hour OP + Summer,1,1996-04-01 00:00:00+00,
66,0075,12.5-hour OP + w/e,1,1996-04-01 00:00:00+00,
67,0076,12.5-hour OP + w/e,1,1996-04-01 00:00:00+00,
68,0077,12.5-hour OP + w/e,1,1996-04-01 00:00:00+00,
69,0078,12.5-hour OP + w/e & Summer,1,1996-04-01 00:00:00+00,
70,0079,14-hour E7,1,1996-04-01 00:00:00+00,
71,0080,14-hour Off Peak,1,1996-04-01 00:00:00+00,
72,0081,14-hour OP + Sun,1,1996-04-01 00:00:00+00,
73,0082,14.5-hour OP,1,1996-04-01 00:00:00+00,
74,0083,14.5-hour OP,1,1996-04-01 00:00:00+00,
75,0084,14.5-hour OP,1,1996-04-01 00:00:00+00,
76,0085,14.5-hour OP,1,1996-04-01 00:00:00+00,
77,0086,14.5-hour OP,1,1996-04-01 00:00:00+00,
78,0087,14.5-hour OP,1,1996-04-01 00:00:00+00,
79,0088,14.5-hour OP,1,1996-04-01 00:00:00+00,
80,0091,14.5-hour OP + Summer,1,1996-04-01 00:00:00+00,
81,0092,14.5-hour OP + Summer,1,1996-04-01 00:00:00+00,
82,0093,split 7-hour E7,1,1996-04-01 00:00:00+00,
83,0094,14.5-hour OP + Summer,1,1996-04-01 00:00:00+00,
84,0095,14.5-hour OP + Summer,1,1996-04-01 00:00:00+00,
85,0096,14.5-hour OP + Summer,1,1996-04-01 00:00:00+00,
86,0097,14.5-hour OP + w/e,1,1996-04-01 00:00:00+00,
87,0098,14.5-hour OP + w/e & Summer,1,1996-04-01 00:00:00+00,
88,0099,15-hour OP,1,1996-04-01 00:00:00+00,
89,0100,15-hour OP,1,1996-04-01 00:00:00+00,
90,0101,15-hour OP + w/e & Summer,1,1996-04-01 00:00:00+00,
91,0102,15-hour OP + w/e & Summer,1,1996-04-01 00:00:00+00,
92,0103,15-hour OP + w/e & Summer,1,1996-04-01 00:00:00+00,
93,0104,15.5-hour OP,1,1996-04-01 00:00:00+00,
94,0105,15.5-hour OP,1,1996-04-01 00:00:00+00,
95,0106,15.5-hour OP,1,1996-04-01 00:00:00+00,
96,0107,15.5-hour OP,1,1996-04-01 00:00:00+00,
97,0108,15.5-hour OP,1,1996-04-01 00:00:00+00,
98,0109,15.5-hour OP,1,1996-04-01 00:00:00+00,
99,0110,15.5-hour OP,1,1996-04-01 00:00:00+00,
100,0111,15.5-hour OP + Summer,1,1996-04-01 00:00:00+00,
101,0112,15.5-hour OP + w/e,1,1996-04-01 00:00:00+00,
102,0113,15.5-hour OP + w/e,1,1996-04-01 00:00:00+00,
103,0115,15.5-hour OP + w/e,1,1996-04-01 00:00:00+00,
104,0116,15.5-hour OP + w/e,1,1996-04-01 00:00:00+00,
105,0117,15.5-hour OP + w/e,1,1996-04-01 00:00:00+00,
106,0118,15.5-hour OP + w/e & Summer,1,1996-04-01 00:00:00+00,
107,0119,15.5-hour OP + w/e & Summer,1,1996-04-01 00:00:00+00,
108,0120,9-hour OP,1,1996-04-01 00:00:00+00,
109,0121,2-rate terms,1,1996-04-01 00:00:00+00,
110,0122,2-rate SToD,1,1996-04-01 00:00:00+00,
111,0123,2-rate variable SToD,1,1996-04-01 00:00:00+00,
112,0124,2-rate variable SToD,1,1996-04-01 00:00:00+00,
113,0125,2-rate variable SToD,1,1996-04-01 00:00:00+00,
114,0126,7-hour E7,1,1996-04-01 00:00:00+00,
115,0127,3-rate SToD,1,1996-04-01 00:00:00+00,
116,0128,Dom/Non-dom Seasonal (link SSC 0342),1,1996-04-01 00:00:00+00,
117,0129,3-rate SToD,1,1996-04-01 00:00:00+00,
118,0130,3-rate variable,1,1996-04-01 00:00:00+00,
119,0131,3-rate variable,1,1996-04-01 00:00:00+00,
120,0132,4-rate SToD,1,1996-04-01 00:00:00+00,
121,0133,4-rate SToD,1,1996-04-01 00:00:00+00,
122,0134,4-rate SToD,1,1996-04-01 00:00:00+00,
123,0135,4-rate SToD,1,1996-04-01 00:00:00+00,
124,0136,4-rate SToD,1,1996-04-01 00:00:00+00,
125,0137,4-rate SToD,1,1996-04-01 00:00:00+00,
126,0138,4-rate SToD,1,1996-04-01 00:00:00+00,
127,0140,split 7-hour E7,1,1996-04-01 00:00:00+00,
128,0141,5-rate SToD,1,1996-04-01 00:00:00+00,
129,0142,5-rate SToD,1,1996-04-01 00:00:00+00,
130,0143,15-hour OP,1,1996-04-01 00:00:00+00,
131,0144,6-rate SToD,1,1996-04-01 00:00:00+00,
132,0145,6-rate SToD,1,1996-04-01 00:00:00+00,
133,0146,6-rate SToD,1,1996-04-01 00:00:00+00,
134,0147,6-rate SToD,1,1996-04-01 00:00:00+00,
135,0148,7-hour OP (see also SSC 0185),1,1996-04-01 00:00:00+00,
136,0149,"Smart 7, heating",1,1996-04-01 00:00:00+00,
137,0150,7-hour E7,1,1996-04-01 00:00:00+00,
138,0151,7-hour E7,1,1996-04-01 00:00:00+00,
139,0152,7-hour E7,1,1996-04-01 00:00:00+00,
140,0153,7-hour E7,1,1996-04-01 00:00:00+00,
141,0154,7-hour E7,1,1996-04-01 00:00:00+00,
142,0155,split 7-hour E7,1,1996-04-01 00:00:00+00,
143,0156,7-hour E7,1,1996-04-01 00:00:00+00,
144,0157,7-hour E7,1,1996-04-01 00:00:00+00,
145,0158,7-hour E7,1,1996-04-01 00:00:00+00,
146,0159,12-hour OP,1,1996-04-01 00:00:00+00,
147,0160,7-hour E7,1,1996-04-01 00:00:00+00,
148,0161,7-hour E7,1,1996-04-01 00:00:00+00,
149,0162,7-hour E7,1,1996-04-01 00:00:00+00,
150,0163,7-hour E7,1,1996-04-01 00:00:00+00,
151,0164,7-hour E7,1,1996-04-01 00:00:00+00,
152,0165,7-hour E7,1,1996-04-01 00:00:00+00,
153,0166,7-hour E7,1,1996-04-01 00:00:00+00,
154,0167,7-hour E7,1,1996-04-01 00:00:00+00,
155,0168,7-hour E7,1,1996-04-01 00:00:00+00,
156,0169,7-hour E7,1,1996-04-01 00:00:00+00,
157,0170,7-hour E7,1,1996-04-01 00:00:00+00,
158,0171,7-hour E7,1,1996-04-01 00:00:00+00,
159,0172,7-hour E7,1,1996-04-01 00:00:00+00,
160,0173,7-hour E7,1,1996-04-01 00:00:00+00,
161,0174,7-hour E7,1,1996-04-01 00:00:00+00,
162,0175,7-hour E7,1,1996-04-01 00:00:00+00,
163,0176,7-hour E7,1,1996-04-01 00:00:00+00,
164,0177,7-hour E7,1,1996-04-01 00:00:00+00,
165,0178,7-hour E7 (Cornwall & def reinforcement),1,1996-04-01 00:00:00+00,
166,0179,7-hour E7,1,1996-04-01 00:00:00+00,
167,0180,7-hour E7,1,1996-04-01 00:00:00+00,
168,0181,7-hour E7,1,1996-04-01 00:00:00+00,
169,0182,7-hour E7,1,1996-04-01 00:00:00+00,
170,0183,7-hour E7,1,1996-04-01 00:00:00+00,
171,0184,7-hour E7,1,1996-04-01 00:00:00+00,
172,0185,7-hour E7,1,1996-04-01 00:00:00+00,
173,0186,7-hour E7,1,1996-04-01 00:00:00+00,
174,0187,7-hour E7,1,1996-04-01 00:00:00+00,
175,0188,7-hour E7,1,1996-04-01 00:00:00+00,
176,0189,7-hour E7,1,1996-04-01 00:00:00+00,
177,0190,7-hour E7,1,1996-04-01 00:00:00+00,
178,0191,7-hour E7,1,1996-04-01 00:00:00+00,
179,0192,7-hour E7,1,1996-04-01 00:00:00+00,
180,0193,7-hour E7,1,1996-04-01 00:00:00+00,
181,0194,7-hour E7,1,1996-04-01 00:00:00+00,
182,0195,7-hour E7,1,1996-04-01 00:00:00+00,
183,0196,7-hour E7,1,1996-04-01 00:00:00+00,
184,0197,7-hour E7,1,1996-04-01 00:00:00+00,
185,0198,7-hour E7,1,1996-04-01 00:00:00+00,
186,0199,7-hour E7,1,1996-04-01 00:00:00+00,
187,0201,7-hour E7,1,1996-04-01 00:00:00+00,
188,0202,7-hour E7,1,1996-04-01 00:00:00+00,
189,0203,7-hour E7,1,1996-04-01 00:00:00+00,
190,0204,7-hour E7,1,1996-04-01 00:00:00+00,
191,0205,7-hour E7,1,1996-04-01 00:00:00+00,
192,0206,7-hour E7,1,1996-04-01 00:00:00+00,
193,0207,7-hour E7,1,1996-04-01 00:00:00+00,
194,0208,7-hour E7,1,1996-04-01 00:00:00+00,
195,0209,7-hour E7,1,1996-04-01 00:00:00+00,
196,0210,7-hour E7,1,1996-04-01 00:00:00+00,
197,0211,7-hour E7,1,1996-04-01 00:00:00+00,
198,0212,7-hour E7,1,1996-04-01 00:00:00+00,
199,0213,7-hour E7,1,1996-04-01 00:00:00+00,
200,0214,7-hour E7,1,1996-04-01 00:00:00+00,
201,0215,7-hour E7,1,1996-04-01 00:00:00+00,
202,0216,7-hour E7,1,1996-04-01 00:00:00+00,
203,0217,7-hour E7,1,1996-04-01 00:00:00+00,
204,0218,7-hour E7,1,1996-04-01 00:00:00+00,
205,0219,7-hour E7,1,1996-04-01 00:00:00+00,
206,0220,7-hour E7,1,1996-04-01 00:00:00+00,
207,0221,7-hour E7,1,1996-04-01 00:00:00+00,
208,0222,7-hour E7,1,1996-04-01 00:00:00+00,
209,0223,7-hour E7,1,1996-04-01 00:00:00+00,
210,0224,7-hour E7,1,1996-04-01 00:00:00+00,
211,0225,7-hour E7,1,1996-04-01 00:00:00+00,
212,0226,7-hour E7,1,1996-04-01 00:00:00+00,
213,0227,7-hour E7,1,1996-04-01 00:00:00+00,
214,0228,Supertariff heating,1,1996-04-01 00:00:00+00,
215,0229,Supertariff heating,1,1996-04-01 00:00:00+00,
216,0230,7-hour E7,1,1996-04-01 00:00:00+00,
217,0231,split 7-hour E7,1,1996-04-01 00:00:00+00,
218,0233,split 7-hour E7,1,1996-04-01 00:00:00+00,
219,0234,split 7-hour E7,1,1996-04-01 00:00:00+00,
220,0235,split 7-hour E7,1,1996-04-01 00:00:00+00,
221,0236,split 7-hour E7,1,1996-04-01 00:00:00+00,
222,0237,split 7-hour E7,1,1996-04-01 00:00:00+00,
223,0238,7-hour E7,1,1996-04-01 00:00:00+00,
224,0241,7-hour E7 (differential switching),1,1996-04-01 00:00:00+00,
225,0242,7-hour night,1,1996-04-01 00:00:00+00,
226,0243,Key Meter pseudo 2-rate,1,1996-04-01 00:00:00+00,
227,0244,7-hour E7,1,1996-04-01 00:00:00+00,
228,0245,7-hour night,1,1996-04-01 00:00:00+00,
229,0246,Economy 7 Day & Night,1,1996-04-01 00:00:00+00,
230,0247,7-hour night,1,1996-04-01 00:00:00+00,
231,0248,7-hour E7,1,1996-04-01 00:00:00+00,
232,0249,7-hour night,1,1996-04-01 00:00:00+00,
233,0250,7-hour OP,1,1996-04-01 00:00:00+00,
234,0251,7-hour OP,1,1996-04-01 00:00:00+00,
235,0252,7-hour OP,1,1996-04-01 00:00:00+00,
236,0253,7-hour OP,1,1996-04-01 00:00:00+00,
237,0254,7-hour variable E7 (Menter B),1,1996-04-01 00:00:00+00,
238,0255,7-hour variable E7 (Menter A),1,1996-04-01 00:00:00+00,
239,0257,8-hour E7,1,1996-04-01 00:00:00+00,
240,0258,8-hour night,1,1996-04-01 00:00:00+00,
241,0259,10-hour night,1,1996-04-01 00:00:00+00,
242,0260,8-hour night,1,1996-04-01 00:00:00+00,
243,0261,8-hour night,1,1996-04-01 00:00:00+00,
244,0262,8-hour night,1,1996-04-01 00:00:00+00,
245,0263,8-hour night,1,1996-04-01 00:00:00+00,
246,0264,8-hour night,1,1996-04-01 00:00:00+00,
247,0265,8-hour OP,1,1996-04-01 00:00:00+00,
248,0266,8-hour OP,1,1996-04-01 00:00:00+00,
249,0267,8-hour OP,1,1996-04-01 00:00:00+00,
250,0268,8-hour OP,1,1996-04-01 00:00:00+00,
251,0269,8-hour OP,1,1996-04-01 00:00:00+00,
252,0270,8-hour OP,1,1996-04-01 00:00:00+00,
253,0271,8-hour OP,1,1996-04-01 00:00:00+00,
254,0272,8-hour OP,1,1996-04-01 00:00:00+00,
255,0273,8-hour OP,1,1996-04-01 00:00:00+00,
256,0274,8-hour OP,1,1996-04-01 00:00:00+00,
257,0276,8-hour OP,1,1996-04-01 00:00:00+00,
258,0277,8-hour OP + Summer,1,1996-04-01 00:00:00+00,
259,0278,8-hour OP + w/e,1,1996-04-01 00:00:00+00,
260,0279,8-hour OP + w/e & Summer,1,1996-04-01 00:00:00+00,
261,0280,8-hour OP + weekends,1,1996-04-01 00:00:00+00,
262,0281,9-hour night,1,1996-04-01 00:00:00+00,
263,0283,9-hour night (differential switching),1,1996-04-01 00:00:00+00,
264,0284,9-hour OP,1,1996-04-01 00:00:00+00,
265,0285,9-hour OP,1,1996-04-01 00:00:00+00,
266,0286,9-hour OP + w/e,1,1996-04-01 00:00:00+00,
267,0287,Boiler,1,1996-04-01 00:00:00+00,
268,0288,Budget Warmth,1,1996-04-01 00:00:00+00,
269,0289,Budget Warmth,1,1996-04-01 00:00:00+00,
270,0290,Budget Warmth,1,1996-04-01 00:00:00+00,
271,0291,Budget Warmth,1,1996-04-01 00:00:00+00,
272,0292,Budget Warmth,1,1996-04-01 00:00:00+00,
273,0297,Budget Warmth,1,1996-04-01 00:00:00+00,
274,0298,Budget Warmth,1,1996-04-01 00:00:00+00,
275,0299,Budget Warmth,1,1996-04-01 00:00:00+00,
276,0300,Flexiheat Day/Evening/Weekend,1,1996-04-01 00:00:00+00,
277,0301,Flexiheat (weather) Day/Evening/Weekend,1,1996-04-01 00:00:00+00,
278,0302,Superdeal Day/Night,1,1996-04-01 00:00:00+00,
279,0303,Budget Warmth,1,1996-04-01 00:00:00+00,
280,0304,Budget Warmth,1,1996-04-01 00:00:00+00,
281,0305,Domestic heating tariff,1,1996-04-01 00:00:00+00,
282,0306,Domestic heating tariff,1,1996-04-01 00:00:00+00,
283,0307,Domestic heating tariff,1,1996-04-01 00:00:00+00,
284,0308,Domestic heating tariff,1,1996-04-01 00:00:00+00,
285,0309,Superdeal (weather) Day/Night,1,1996-04-01 00:00:00+00,
286,0310,E10 type 1 (general purpose),1,1996-04-01 00:00:00+00,
287,0312,7-hour OP (see also SSC 186),1,1996-04-01 00:00:00+00,
288,0313,Domestic E9 A,1,1996-04-01 00:00:00+00,
289,0314,13-hour OP,1,1996-04-01 00:00:00+00,
290,0315,Evening/night,1,1996-04-01 00:00:00+00,
291,0316,Evening/Weekend,1,1996-04-01 00:00:00+00,
292,0317,Evening/Weekend,1,1996-04-01 00:00:00+00,
293,0318,Evening/Weekend,1,1996-04-01 00:00:00+00,
294,0319,12-hour Evening/Weekend,1,1996-04-01 00:00:00+00,
295,0320,Evening/Weekend,1,1996-04-01 00:00:00+00,
296,0321,Evening/Weekend,1,1996-04-01 00:00:00+00,
297,0322,Evening/Weekend,1,1996-04-01 00:00:00+00,
298,0323,Evening/Weekend,1,1996-04-01 00:00:00+00,
299,0324,Domestic E9 B,1,1996-04-01 00:00:00+00,
300,0325,Evening/Weekend E7,1,1996-04-01 00:00:00+00,
301,0326,Evening/Weekend E7,1,1996-04-01 00:00:00+00,
302,0327,Evening/Weekend E7,1,1996-04-01 00:00:00+00,
303,0328,Evening/Weekend E7,1,1996-04-01 00:00:00+00,
304,0329,Evening/Weekend E7,1,1996-04-01 00:00:00+00,
305,0330,Evening/Weekend E7,1,1996-04-01 00:00:00+00,
306,0331,Evening/Weekend E7,1,1996-04-01 00:00:00+00,
307,0332,Evening/Weekend E7,1,1996-04-01 00:00:00+00,
308,0334,"3-rate heating, (link SSC 0343)",1,1996-04-01 00:00:00+00,
309,0335,Grain Drying,1,1996-04-01 00:00:00+00,
310,0336,Grain drying,1,1996-04-01 00:00:00+00,
311,0337,Grain drying,1,1996-04-01 00:00:00+00,
312,0338,Heating,1,1996-04-01 00:00:00+00,
313,0339,Local Authority Heating,1,1996-04-01 00:00:00+00,
314,0340,Local Authority Heating,1,1996-04-01 00:00:00+00,
315,0341,Local Authority Heating,1,1996-04-01 00:00:00+00,
316,0342,Dom & Non-dom Seasonal (link SSC 0128),1,1996-04-01 00:00:00+00,
317,0343,"3-rate heating, water heating",1,1996-04-01 00:00:00+00,
318,0344,"7-hour E7, Day + Night (link SSC 0345)",1,1996-04-01 00:00:00+00,
319,0345,"7-hour E7, Day + Night (link SSC 0344)",1,1996-04-01 00:00:00+00,
320,0346,Non-Standard OP (8+3 hour),1,1996-04-01 00:00:00+00,
321,0347,Non-Standard OP,1,1996-04-01 00:00:00+00,
322,0348,Non-Standard OP,1,1996-04-01 00:00:00+00,
323,0349,7-hour E7,1,1996-04-01 00:00:00+00,
324,0350,Warmwise heating,1,1996-04-01 00:00:00+00,
325,0351,Flexiheat heating,1,1996-04-01 00:00:00+00,
326,0352,Flexiheat (weather) heating,1,1996-04-01 00:00:00+00,
327,0353,Superdeal heating,1,1996-04-01 00:00:00+00,
328,0354,12-hour OP,1,1996-04-01 00:00:00+00,
329,0355,"Smart 7, Day/Night",1,1996-04-01 00:00:00+00,
330,0357,split 10-hour Heatwise,1,1996-04-01 00:00:00+00,
331,0358,split 10-hour Heatwise,1,1996-04-01 00:00:00+00,
332,0359,split 10-hour Heatwise,1,1996-04-01 00:00:00+00,
333,0360,split 10-hour Heatwise,1,1996-04-01 00:00:00+00,
334,0361,split 10-hour Heatwise,1,1996-04-01 00:00:00+00,
335,0362,split 10-hour Heatwise,1,1996-04-01 00:00:00+00,
336,0363,split 10-hour Heatwise,1,1996-04-01 00:00:00+00,
337,0364,split 10-hour Heatwise,1,1996-04-01 00:00:00+00,
338,0365,split 10-hour Heatwise,1,1996-04-01 00:00:00+00,
339,0366,split 10-hour Heatwise,1,1996-04-01 00:00:00+00,
340,0367,split 10-hour Heatwise,1,1996-04-01 00:00:00+00,
341,0368,split 10-hour Heatwise,1,1996-04-01 00:00:00+00,
342,0369,split 10-hour Heatwise,1,1996-04-01 00:00:00+00,
343,0370,split 10-hour Heatwise,1,1996-04-01 00:00:00+00,
344,0371,split 10-hour Heatwise,1,1996-04-01 00:00:00+00,
345,0372,Evening/Weekend,1,1996-04-01 00:00:00+00,
346,0373,split 7-hour E7,1,1996-04-01 00:00:00+00,
347,0374,split 7-hour E7,1,1996-04-01 00:00:00+00,
348,0375,split 7-hour E7,1,1996-04-01 00:00:00+00,
349,0376,split 7-hour E7,1,1996-04-01 00:00:00+00,
350,0377,split 7-hour E7,1,1996-04-01 00:00:00+00,
351,0378,split 7-hour E7,1,1996-04-01 00:00:00+00,
352,0380,split 7-hour E7,1,1996-04-01 00:00:00+00,
353,0381,split 7-hour E7,1,1996-04-01 00:00:00+00,
354,0382,split 7-hour E7,1,1996-04-01 00:00:00+00,
355,0384,7-hour E7,1,1996-04-01 00:00:00+00,
356,0385,split 7-hour E7,1,1996-04-01 00:00:00+00,
357,0386,9-hour OP,1,1996-04-01 00:00:00+00,
358,0387,15.5-hour OP,1,1996-04-01 00:00:00+00,
359,0388,split 7-hour E7,1,1996-04-01 00:00:00+00,
360,0389,12.5-hour OP,1,1996-04-01 00:00:00+00,
361,0390,split 7-hour E7,1,1996-04-01 00:00:00+00,
362,0391,Summer & Winter w/e,1,1996-04-01 00:00:00+00,
363,0392,Summer Unrestricted,1,1996-04-01 00:00:00+00,
364,0393,Unrestricted,1,1996-04-01 00:00:00+00,
365,0394,10-hour night,1,1996-04-01 00:00:00+00,
366,0395,Warmwise Day/Night,1,1996-04-01 00:00:00+00,
367,0396,2-rate SToD,1,1996-04-01 00:00:00+00,
368,0397,9-hour heating,1,1996-04-01 00:00:00+00,
369,0398,12-hour OP + w/e,1,1996-04-01 00:00:00+00,
370,0399,15-hour OP + w/e,1,1996-04-01 00:00:00+00,
371,0400,8-hour night,1,1996-04-01 00:00:00+00,
372,0401,E10 type 1(heating circuit),1,1996-04-01 00:00:00+00,
373,0403,12-hour night,1,1996-04-01 00:00:00+00,
374,0404,Redring Boiler (general purpose),1,1996-04-01 00:00:00+00,
375,0405,Redring Boiler (heating circuit),1,1996-04-01 00:00:00+00,
376,0406,Cyclocontrol 3,1,1996-04-01 00:00:00+00,
377,0407,Cyclocontrol 4,1,1996-04-01 00:00:00+00,
378,0408,Cyclocontrol 5,1,1996-04-01 00:00:00+00,
379,0409,Cyclocontrol 6,1,1996-04-01 00:00:00+00,
380,0410,Cyclocontrol 7,1,1996-04-01 00:00:00+00,
381,0411,Cyclocontrol 8,1,1996-04-01 00:00:00+00,
382,0412,Cyclocontrol 9,1,1996-04-01 00:00:00+00,
383,0413,Cyclocontrol 10,1,1996-04-01 00:00:00+00,
384,0414,Cyclocontrol 11,1,1996-04-01 00:00:00+00,
385,0415,Cyclocontrol 12,1,1996-04-01 00:00:00+00,
386,0416,Cyclocontrol 13,1,1996-04-01 00:00:00+00,
387,0417,Cyclocontrol 14,1,1996-04-01 00:00:00+00,
388,0418,Cyclocontrol 15,1,1996-04-01 00:00:00+00,
389,0419,Cyclocontrol 16,1,1996-04-01 00:00:00+00,
390,0420,Cyclocontrol 17,1,1996-04-01 00:00:00+00,
391,0421,Cyclocontrol 18,1,1996-04-01 00:00:00+00,
392,0422,Cyclocontrol 19,1,1996-04-01 00:00:00+00,
393,0423,Cyclocontrol 20,1,1996-04-01 00:00:00+00,
394,0424,Cyclocontrol 21,1,1996-04-01 00:00:00+00,
395,0425,Superdeal (weather) heating,1,1996-04-01 00:00:00+00,
396,0426,7-hour E7,1,1996-04-01 00:00:00+00,
397,0427,Day/Night (White meter),1,1996-04-01 00:00:00+00,
398,0428,"Unmetered Type A (flat"" profile)""",1,1996-04-01 00:00:00+00,
399,0429,"Unmetered B (dusk-to-dawn"")""",1,1996-04-01 00:00:00+00,
400,0430,"Unmetered C (half-night & pre-dawn"")""",1,1996-04-01 00:00:00+00,
401,0431,"Unmetered D (dawn-to-dusk"")""",1,1996-04-01 00:00:00+00,
402,0432,7-hour E7,1,1996-04-01 00:00:00+00,
403,0434,12 Hour OP,1,1996-04-01 00:00:00+00,
404,0435,Domestic 3-rate heating,1,1996-04-01 00:00:00+00,
405,0436,3-Rate Seasonal,1,1996-04-01 00:00:00+00,
406,0437,Lifestyle Tariff,1,1996-04-01 00:00:00+00,
407,0439,Split 7-hour E7,1,1996-04-01 00:00:00+00,
408,0440,3-rate ToW,1,1996-04-01 00:00:00+00,
409,0441,4-rate SToD,1,1996-04-01 00:00:00+00,
410,0442,7-hour E7,1,1996-04-01 00:00:00+00,
411,0443,Evening/Weekend,1,1996-04-01 00:00:00+00,
412,0444,Evening/Weekend E7,1,1996-04-01 00:00:00+00,
413,0445,7-hour variable E7,1,1996-04-01 00:00:00+00,
414,0446,7-hour variable E7,1,1996-04-01 00:00:00+00,
415,0447,7-hour OP,1,1996-04-01 00:00:00+00,
416,0448,7-hour OP,1,1996-04-01 00:00:00+00,
417,0449,7-hour OP,1,1996-04-01 00:00:00+00,
418,0450,7-hour OP,1,1996-04-01 00:00:00+00,
419,0451,7-hour OP,1,1996-04-01 00:00:00+00,
420,0452,7-hour OP,1,1996-04-01 00:00:00+00,
421,0453,7-hour OP,1,1996-04-01 00:00:00+00,
422,0454,7-hour OP,1,1996-04-01 00:00:00+00,
423,0455,7-hour OP,1,1996-04-01 00:00:00+00,
424,0456,7-hour OP,1,1996-04-01 00:00:00+00,
425,0459,7-hour OP,1,1996-04-01 00:00:00+00,
426,0460,12 Hours OP,1,1996-04-01 00:00:00+00,
427,0461,12 Hours OP,1,1996-04-01 00:00:00+00,
428,0462,8 Hours OP,1,1996-04-01 00:00:00+00,
429,0463,10.5 Hours OP,1,1996-04-01 00:00:00+00,
430,0464,Weekender Tariff (V1),1,1996-04-01 00:00:00+00,
431,0465,Weekender Tariff (V2),1,1996-04-01 00:00:00+00,
432,0466,Maximum Demand Register,1,1996-04-01 00:00:00+00,
433,0467,Maximum Demand Register,1,1996-04-01 00:00:00+00,
434,0468,Maximum Demand Register,1,1996-04-01 00:00:00+00,
435,0469,Maximum Demand Register,1,1996-04-01 00:00:00+00,
436,0470,Maximum Demand Register,1,1996-04-01 00:00:00+00,
437,0473,Economy 7 - all purpose tariff G63,1,1999-01-29 00:00:00+00,
438,0474,split 7hr o/p,1,1999-01-29 00:00:00+00,
439,0475,Split 7hr E7,1,1999-01-29 00:00:00+00,
440,0476,14.5 hr o/p,1,1999-01-29 00:00:00+00,
441,0477,14.5 hr o/p,1,1999-01-29 00:00:00+00,
442,0478,Evening/Weekend E7,1,1999-01-29 00:00:00+00,
443,0479,Split 7-hour E7,1,2002-06-21 00:00:00+00,
444,0480,Split 7-hour E7,1,2002-06-21 00:00:00+00,
445,0481,Split 7-hour E7,1,2002-06-21 00:00:00+00,
446,0482,Micro-PV Export Import Profile Class 1,0,2003-09-28 00:00:00+00,
447,0483,Micro-PV Export Import Profile Class 2,0,2003-09-28 00:00:00+00,
448,0484,Micro-PV Export Import Profile Class 3,0,2003-09-28 00:00:00+00,
449,0485,Micro-PV Export Import Profile Class 4,0,2003-09-28 00:00:00+00,
450,0486,Micro-PV Export Import Profile Class 5,0,2003-09-28 00:00:00+00,
451,0487,Micro-PV Export Import Profile Class 6,0,2003-09-28 00:00:00+00,
452,0488,Micro-PV Export Import Profile Class 7,0,2003-09-28 00:00:00+00,
453,0489,Micro-PV Export Import Profile Class 8,0,2003-09-28 00:00:00+00,
454,0490,Micro-CHP Export Import Profile Class 1,0,2003-09-28 00:00:00+00,
455,0491,Micro-CHP Export Import Profile Class 2,0,2003-09-28 00:00:00+00,
456,0492,Micro-CHP Export Import Profile Class 3,0,2003-09-28 00:00:00+00,
457,0493,Micro-CHP Export Import Profile Class 4,0,2003-09-28 00:00:00+00,
458,0494,Micro-CHP Export Import Profile Class 5,0,2003-09-28 00:00:00+00,
459,0495,Micro-CHP Export Import Profile Class 6,0,2003-09-28 00:00:00+00,
460,0496,Micro-CHP Export Import Profile Class 7,0,2003-09-28 00:00:00+00,
461,0497,Micro-CHP Export Import Profile Class 8,0,2003-09-28 00:00:00+00,
462,0498,Other Sml Export SSC any import Profile,0,2003-09-28 00:00:00+00,
463,0701,8.5-hour OP + w/e,1,1996-04-01 00:00:00+00,
464,0702,8.5-hour OP + w/e,1,1996-04-01 00:00:00+00,
465,0703,12-hour OP + w/e,1,1996-04-01 00:00:00+00,
466,0704,12-hour OP + w/e,1,1996-04-01 00:00:00+00,
467,0705,12-hour OP + w/e,1,1996-04-01 00:00:00+00,
468,0706,12-hour OP + w/e,1,1996-04-01 00:00:00+00,
469,0707,12-hour OP + w/e,1,1996-04-01 00:00:00+00,
470,0708,12-hour OP + w/e,1,1996-04-01 00:00:00+00,
471,0709,12-hour OP + w/e,1,1996-04-01 00:00:00+00,
472,0710,12-hour OP + w/e,1,1996-04-01 00:00:00+00,
473,0711,12-hour OP + w/e,1,1996-04-01 00:00:00+00,
474,0712,16-hour OP + w/e,1,1996-04-01 00:00:00+00,
475,0713,16-hour OP + w/e,1,1996-04-01 00:00:00+00,
476,0714,16-hour OP + w/e,1,1996-04-01 00:00:00+00,
477,0715,16-hour OP + w/e,1,1996-04-01 00:00:00+00,
478,0716,20-hour OP + w/e,1,1996-04-01 00:00:00+00,
479,0717,20-hour OP + w/e,1,1996-04-01 00:00:00+00,
480,0718,20-hour OP + w/e + summer,1,1996-04-01 00:00:00+00,
481,0719,20-hour OP + w/e + summer,1,1996-04-01 00:00:00+00,
482,0720,3-rate SToD,1,1996-04-01 00:00:00+00,
483,0721,8.5 hour WM,1,1996-04-01 00:00:00+00,
484,0722,8.5 hour WM,1,1996-04-01 00:00:00+00,
485,0723,8.5 hour WM,1,1996-04-01 00:00:00+00,
486,0724,8.5 hour WM,1,1996-04-01 00:00:00+00,
487,0725,8.5 hour WM,1,1996-04-01 00:00:00+00,
488,0726,8.5 hour WM,1,1996-04-01 00:00:00+00,
489,0727,8.5 hour WM,1,1996-04-01 00:00:00+00,
490,0728,8.5 hour WM Heating,1,1996-04-01 00:00:00+00,
491,0729,8.5 hour WM,1,1996-04-01 00:00:00+00,
492,0730,8.5 hour WM Heating,1,1996-04-01 00:00:00+00,
493,0731,8.5 hour WM,1,1996-04-01 00:00:00+00,
494,0732,8.5 hour WM Heating,1,1996-04-01 00:00:00+00,
495,0733,8.5 hour WM,1,1996-04-01 00:00:00+00,
496,0734,8.5 hour WM Heating,1,1996-04-01 00:00:00+00,
497,0735,8.5 hour WM,1,1996-04-01 00:00:00+00,
498,0736,8.5 hour WM Heating,1,1996-04-01 00:00:00+00,
499,0737,8.5 hour WM,1,1996-04-01 00:00:00+00,
500,0738,8.5 hour WM Heating,1,1996-04-01 00:00:00+00,
501,0739,8.5 hour WM,1,1996-04-01 00:00:00+00,
502,0740,8.5 hour WM Heating,1,1996-04-01 00:00:00+00,
503,0741,8.5 hour WM,1,1996-04-01 00:00:00+00,
504,0742,8.5 hour WM Heating,1,1996-04-01 00:00:00+00,
505,0743,8.5 hour WM,1,1996-04-01 00:00:00+00,
506,0744,8.5 hour WM Heating,1,1996-04-01 00:00:00+00,
507,0745,8.5 hour WM,1,1996-04-01 00:00:00+00,
508,0746,8.5 hour WM Heating,1,1996-04-01 00:00:00+00,
509,0747,8.5 hour WM,1,1996-04-01 00:00:00+00,
510,0748,8.5 hour WM,1,1996-04-01 00:00:00+00,
511,0749,8.5 hour WM Heating,1,1996-04-01 00:00:00+00,
512,0752,8.5 hour WM,1,1996-04-01 00:00:00+00,
513,0753,Weathercall heating,1,1996-04-01 00:00:00+00,
514,0754,8.5 hour WM,1,1996-04-01 00:00:00+00,
515,0755,Weathercall heating,1,1996-04-01 00:00:00+00,
516,0756,8.5 hour WM,1,1996-04-01 00:00:00+00,
517,0757,Weathercall heating,1,1996-04-01 00:00:00+00,
518,0758,8.5 hour WM,1,1996-04-01 00:00:00+00,
519,0759,Weathercall heating,1,1996-04-01 00:00:00+00,
520,0760,8.5 hour WM,1,1996-04-01 00:00:00+00,
521,0761,Weathercall heating,1,1996-04-01 00:00:00+00,
522,0762,8.5 hour WM,1,1996-04-01 00:00:00+00,
523,0763,Weathercall heating,1,1996-04-01 00:00:00+00,
524,0764,8.5 hour WM,1,1996-04-01 00:00:00+00,
525,0765,Weathercall heating,1,1996-04-01 00:00:00+00,
526,0766,8.5 hour WM,1,1996-04-01 00:00:00+00,
527,0767,Weathercall heating,1,1996-04-01 00:00:00+00,
528,0768,8.5 hour WM,1,1996-04-01 00:00:00+00,
529,0769,Weathercall heating,1,1996-04-01 00:00:00+00,
530,0770,18-hour dynamic,1,1996-04-01 00:00:00+00,
531,0775,Crop&Air Conditioning,1,1996-04-01 00:00:00+00,
532,0776,Crop&Air Conditioning,1,1996-04-01 00:00:00+00,
533,0781,8.5 hour WM,1,1996-04-01 00:00:00+00,
534,0782,8.5 hour WM,1,1996-04-01 00:00:00+00,
535,0783,8.5 hour WM,1,1996-04-01 00:00:00+00,
536,0784,8.5 hour WM,1,1996-04-01 00:00:00+00,
537,0785,8.5 hour WM,1,1996-04-01 00:00:00+00,
538,0786,8.5 hour WM,1,1996-04-01 00:00:00+00,
539,0787,E7 accompanying Birmingam W'call,1,2000-04-01 00:00:00+00,
540,0788,Birmingham Weathercall,1,2000-04-01 00:00:00+00,
541,0789,E7 accompanying Manchester W'call,1,2000-04-01 00:00:00+00,
542,0790,Manchester Weathercall,1,2000-04-01 00:00:00+00,
543,0791,E7 accompanying Anglesey W'call,1,2000-04-01 00:00:00+00,
544,0792,Anglesey Weathercall,1,2000-04-01 00:00:00+00,
545,0793,8.5 hour WM,1,2004-09-17 00:00:00+00,
546,0794,8.5 hour WM Heating,1,2004-09-17 00:00:00+00,
547,0801,Unrestricted,1,1996-04-01 00:00:00+00,
548,0802,Two rate with 8 hours night,1,1996-04-01 00:00:00+00,
549,0803,Dynamic,1,1996-04-01 00:00:00+00,
550,0804,Two rate with 8 hours night,1,1996-04-01 00:00:00+00,
551,0805,Dynamic,1,1996-04-01 00:00:00+00,
552,0806,Two rate with 8 hours night,1,1996-04-01 00:00:00+00,
553,0807,Dynamic,1,1996-04-01 00:00:00+00,
554,0808,Two rate with 8 hours night,1,1996-04-01 00:00:00+00,
555,0809,Dynamic,1,1996-04-01 00:00:00+00,
556,0810,Two rate with 8 hours night,1,1996-04-01 00:00:00+00,
557,0811,Dynamic,1,1996-04-01 00:00:00+00,
558,0812,Two rate with 8 hours night,1,1996-04-01 00:00:00+00,
559,0813,Dynamic,1,1996-04-01 00:00:00+00,
560,0814,Two rate with 8 hours night,1,1996-04-01 00:00:00+00,
561,0815,Dynamic,1,1996-04-01 00:00:00+00,
562,0816,Two rate with 8 hours night,1,1996-04-01 00:00:00+00,
563,0817,Dynamic,1,1996-04-01 00:00:00+00,
564,0818,Two rate with 8 hours night,1,1996-04-01 00:00:00+00,
565,0819,Dynamic,1,1996-04-01 00:00:00+00,
566,0820,Two rate with 8 hours night,1,1996-04-01 00:00:00+00,
567,0821,Dynamic,1,1996-04-01 00:00:00+00,
568,0822,Two rate with 8 hours night,1,1996-04-01 00:00:00+00,
569,0823,Dynamic,1,1996-04-01 00:00:00+00,
570,0824,Two rate with 8 hours night,1,1996-04-01 00:00:00+00,
571,0825,Dynamic,1,1996-04-01 00:00:00+00,
572,0826,Two rate with 8 hours night,1,1996-04-01 00:00:00+00,
573,0827,Dynamic,1,1996-04-01 00:00:00+00,
574,0828,Two rate with 8 hours night,1,1996-04-01 00:00:00+00,
575,0829,Dynamic,1,1996-04-01 00:00:00+00,
576,0830,Two rate with 8 hours night,1,1996-04-01 00:00:00+00,
577,0831,Dynamic,1,1996-04-01 00:00:00+00,
578,0832,Two rate with 8 hours night,1,1996-04-01 00:00:00+00,
579,0833,Dynamic,1,1996-04-01 00:00:00+00,
580,0834,Two rate with 8 hours night,1,1996-04-01 00:00:00+00,
581,0835,Dynamic,1,1996-04-01 00:00:00+00,
582,0836,Two rate with 8 hours night,1,1996-04-01 00:00:00+00,
583,0837,Dynamic,1,1996-04-01 00:00:00+00,
584,0838,Two rate with 8 hours night,1,1996-04-01 00:00:00+00,
585,0839,Dynamic,1,1996-04-01 00:00:00+00,
586,0840,Two rate with 8 hours night,1,1996-04-01 00:00:00+00,
587,0841,Dynamic,1,1996-04-01 00:00:00+00,
588,0842,Two rate with 8 hours night,1,1996-04-01 00:00:00+00,
589,0843,Dynamic,1,1996-04-01 00:00:00+00,
590,0844,Two rate with 8 hours night,1,1996-04-01 00:00:00+00,
591,0845,Dynamic,1,1996-04-01 00:00:00+00,
592,0846,Two rate with 8 hours night,1,1996-04-01 00:00:00+00,
593,0847,Dynamic,1,1996-04-01 00:00:00+00,
594,0848,Two rate with 8 hours night,1,1996-04-01 00:00:00+00,
595,0849,Dynamic,1,1996-04-01 00:00:00+00,
596,0850,Dynamic,1,1996-04-01 00:00:00+00,
597,0851,Dynamic,1,1996-04-01 00:00:00+00,
598,0852,Two rate with 8 hours night,1,1996-04-01 00:00:00+00,
599,0853,Two rate with 8 hours night,1,1996-04-01 00:00:00+00,
600,0854,Two rate with 8 hours night,1,1996-04-01 00:00:00+00,
601,0855,Two rate with 8 hours night,1,1996-04-01 00:00:00+00,
602,0856,Two rate with 8 hours night,1,1996-04-01 00:00:00+00,
603,0857,Two rate with 8 hours night,1,1996-04-01 00:00:00+00,
604,0858,Two rate with 8 hours night,1,1996-04-01 00:00:00+00,
605,0859,Two rate with 8 hours night,1,1996-04-01 00:00:00+00,
606,0860,Two rate with 8 hours night,1,1996-04-01 00:00:00+00,
607,0861,Two rate with 8 hours night,1,1996-04-01 00:00:00+00,
608,0862,Two rate with 8 hours night,1,1996-04-01 00:00:00+00,
609,0863,Two rate with 8 hours night,1,1996-04-01 00:00:00+00,
610,0864,Two rate with 8 hours night,1,1996-04-01 00:00:00+00,
611,0865,Two rate with 8 hours night,1,1996-04-01 00:00:00+00,
612,0866,Dynamic,1,1996-04-01 00:00:00+00,
613,0867,Two rate with 8 hours night,1,1996-04-01 00:00:00+00,
614,0868,Dynamic,1,1996-04-01 00:00:00+00,
615,0869,Two rate with 8 hours night,1,1996-04-01 00:00:00+00,
616,0870,Dynamic,1,1996-04-01 00:00:00+00,
617,0871,Two rate with 8 hours night,1,1996-04-01 00:00:00+00,
618,0872,Dynamic,1,1996-04-01 00:00:00+00,
619,0873,Two rate with 8 hours night,1,1996-04-01 00:00:00+00,
620,0874,Dynamic,1,1996-04-01 00:00:00+00,
621,0875,Two rate with 8 hours night,1,1996-04-01 00:00:00+00,
622,0876,Dynamic,1,1996-04-01 00:00:00+00,
623,0877,Two rate with 8 hours night,1,1996-04-01 00:00:00+00,
624,0878,Dynamic,1,1996-04-01 00:00:00+00,
625,0879,Two rate with 8 hours night,1,1996-04-01 00:00:00+00,
626,0880,Dynamic,1,1996-04-01 00:00:00+00,
627,0881,Two rate with 8 hours night,1,1996-04-01 00:00:00+00,
628,0882,Dynamic,1,1996-04-01 00:00:00+00,
629,0883,Two rate with 8 hours night,1,1996-04-01 00:00:00+00,
630,0884,Dynamic,1,1996-04-01 00:00:00+00,
631,0885,Two rate with 8 hours night,1,1996-04-01 00:00:00+00,
632,0886,Dynamic,1,1996-04-01 00:00:00+00,
633,0887,Two rate with 8 hours night,1,1996-04-01 00:00:00+00,
634,0888,Dynamic,1,1996-04-01 00:00:00+00,
635,0889,Two rate with 8 hours night,1,1996-04-01 00:00:00+00,
636,0890,Dynamic,1,1996-04-01 00:00:00+00,
637,0891,Dynamic,1,1996-04-01 00:00:00+00,
638,0892,Dynamic,1,1996-04-01 00:00:00+00,
639,0893,Dynamic,1,1996-04-01 00:00:00+00,
640,0894,8 Hours OP,1,1996-04-01 00:00:00+00,
641,0895,8 Hours OP,1,1996-04-01 00:00:00+00,
642,0896,8 Hours OP,1,1996-04-01 00:00:00+00,
643,0897,Dynamic,1,1996-04-01 00:00:00+00,
644,0898,Dynamic,1,1996-04-01 00:00:00+00,
645,0899,11 Hours OP,1,1996-04-01 00:00:00+00,
646,0900,11 Hours OP,1,1996-04-01 00:00:00+00,
647,0901,11 Hours OP,1,1996-04-01 00:00:00+00,
648,0902,11 Hours OP,1,1996-04-01 00:00:00+00,
649,0903,11 Hours OP,1,1996-04-01 00:00:00+00,
650,0904,8 Hours OP + Weekends,1,1996-04-01 00:00:00+00,
651,0905,8 Hours OP + Weekends,1,1996-04-01 00:00:00+00,
652,0906,8 Hours OP + Weekends,1,1996-04-01 00:00:00+00,
653,0907,15 Hours OP + Weekends,1,1996-04-01 00:00:00+00,
654,0908,15 Hours OP + Weekends,1,1996-04-01 00:00:00+00,
655,0909,15 Hours OP + Weekends,1,1996-04-01 00:00:00+00,
656,0910,15 Hours OP + Weekends,1,1996-04-01 00:00:00+00,
657,0911,15 Hours OP + Weekends,1,1996-04-01 00:00:00+00,
658,0912,15 Hours OP + Weekends,1,1996-04-01 00:00:00+00,
659,0913,15 Hours OP + Weekends,1,1996-04-01 00:00:00+00,
660,0914,15 Hours Nov - April/24 Hours May - Oct,1,1996-04-01 00:00:00+00,
661,0915,8 Hours OP,1,1996-04-01 00:00:00+00,
662,0916,8 Hours OP,1,1996-04-01 00:00:00+00,
663,0917,8 Hours OP,1,1996-04-01 00:00:00+00,
664,0918,Evening/Weekend,1,1996-04-01 00:00:00+00,
665,0919,2 rate,1,1996-04-01 00:00:00+00,
666,0920,2 rate,1,1996-04-01 00:00:00+00,
667,0922,Unrestricted,1,1996-04-01 00:00:00+00,
668,0923,Unrestricted,1,1996-04-01 00:00:00+00,
669,0924,Unrestricted,1,1996-04-01 00:00:00+00,
670,0925,"Unmetered Type A (flat "" profile)""",1,1996-04-01 00:00:00+00,
671,0926,"Unmetered B (dusk-to-dawn"")""",1,1996-04-01 00:00:00+00,
672,0927,"Unmetered D (dawn-to-dusk"")""",1,1996-04-01 00:00:00+00,
673,0928,"Unmetered C (half-night & pre-dawn"")""",1,1996-04-01 00:00:00+00,
674,0929,11 Hours OP,1,1996-04-01 00:00:00+00,
675,0930,11 Hours OP,1,1996-04-01 00:00:00+00,
676,0931,11 Hours OP,1,1996-04-01 00:00:00+00,
677,0932,Seasonal ToD,1,1996-04-01 00:00:00+00,
678,0933,Two rate with 8 hours night,1,2000-11-10 00:00:00+00,
679,0934,Dynamic,1,2000-11-10 00:00:00+00,
680,0935,Split 10 hr E10,1,2000-11-10 00:00:00+00,
681,0936,Split 10 hr E10,1,2001-01-12 00:00:00+00,
682,0937,Split 10 hr E10,1,2002-04-26 00:00:00+00,
683,0938,Split 10 hr E10,1,2003-07-25 00:00:00+00,
684,0939,Split 10 hr E10,1,2004-03-19 00:00:00+00,
685,0940,NHH Export Hydro Profile Class,0,2004-08-13 00:00:00+00,
686,0941,NHH Export Wind Profile Class,0,2004-08-13 00:00:00+00,
687,0942,7-hour E7 (Cornwall & def reinforcement),1,2006-04-28 00:00:00+00,
688,0943,7-hour E7,1,2006-04-28 00:00:00+00,
689,0944,7-hour E7,1,2006-04-28 00:00:00+00,
690,0945,7-hour E7,1,2006-04-28 00:00:00+00,
691,0946,7-hour E7,1,2006-04-28 00:00:00+00,
692,0947,Smart Meter 3 Rate Time of Day,1,2007-12-07 00:00:00+00,
693,0948,10 hour Evening/Weekend,1,2008-12-02 00:00:00+00,
694,0949,General Purpose 2 Rate (paired wth 0950),1,2009-09-16 00:00:00+00,
695,0950,E10 Heating Single Rate (prd wth 0949),1,2009-09-16 00:00:00+00,
696,0951,E9 Heating,1,2009-09-16 00:00:00+00,
697,0952,General Purpose 2 Rate (paired wth 0951),1,2009-09-16 00:00:00+00,
698,0953,Two rate with 20 hours night,1,2009-12-16 00:00:00+00,
699,0954,Three Rate Peak Day Other,1,2010-02-17 00:00:00+00,
700,0955,4 rate weekday/2 rate weekend,1,2010-09-15 00:00:00+00,
701,0956,4 Rate Weekday/2 rate Weekend (BST),1,2011-04-20 00:00:00+00,
702,0957,Unrestricted with  Weekday Peak,1,2011-06-15 00:00:00+00,
703,0958,Unrestricted with Peak,1,2011-06-15 00:00:00+00,
704,0959,Economy 7 with Weekday Peak,1,2011-06-15 00:00:00+00,
705,0960,Economy 7 with Peak,1,2011-06-15 00:00:00+00,
706,0961,Evening Weekend and Weekday Peak (smart),1,2011-04-20 00:00:00+00,
707,0962,Evening Weekend with Peak,1,2011-06-15 00:00:00+00,
708,0963,Evening Weekend Night and Peak,1,2011-06-15 00:00:00+00,
709,0964,Evening Weekend with Night (BST),1,2011-04-20 00:00:00+00,
710,0965,3 Rate with Weekday Peak,1,2011-11-16 00:00:00+00,
711,0966,8-hour OP,1,2011-06-15 00:00:00+00,
712,0967,Superdeal Day/Night,1,2011-06-15 00:00:00+00,
713,0968,Superdeal Day/Night,1,2011-06-15 00:00:00+00,
714,0969,3 Rate with Weekday Peak,1,2011-12-14 00:00:00+00,
715,0970,split 7-hour E7,1,2011-06-15 00:00:00+00,
716,0971,Smart meter trial - time of use 3 rate,1,2012-03-14 00:00:00+00,
717,0972,2 Rate Saturday Off Peak,1,2013-02-20 00:00:00+00,
718,0973,Flexiheat Day/Evening/Weekend,1,2011-07-20 00:00:00+00,
719,0974,Flexiheat heating,1,2011-07-20 00:00:00+00,
720,0975,Saturday Off Peak (9-5),1,2013-07-17 00:00:00+00,
721,0976,Sunday Off Peak (9-5),1,2013-07-17 00:00:00+00,
722,0978,7-hour OP,1,2011-08-17 00:00:00+00,
723,0979,Non-Standard OP (8+3 hour),1,2011-08-17 00:00:00+00,
724,0980,General Purpose 2 Rate (paired with 0980,1,2011-07-20 00:00:00+00,
725,0981,E10 Heating Single Rate (prd with 0981),1,2011-07-20 00:00:00+00,
726,0982,Evening Saver,1,2013-10-16 00:00:00+00,
727,0983,Comfort Booster,1,2013-10-16 00:00:00+00,
728,0984,Saturday Off Peak (24 Hrs),1,2014-07-16 00:00:00+00,
729,0985,Sunday Off Peak (24 Hrs),1,2014-07-16 00:00:00+00,
730,0989,Redring Boiler (general purpose),1,2011-06-15 00:00:00+00,
731,0990,Redring Boiler (heating circuit),1,2011-06-15 00:00:00+00,
732,0991,8-hour OP,1,2011-06-15 00:00:00+00,
733,0996,Lifestyle Tariff,1,2011-06-15 00:00:00+00,
734,0997,Evening/Weekend - BST,1,2011-11-16 00:00:00+00,
