Chellow Id,SSC Chellow Id,TPR Chellow Id
1,1,154
2,2,156
3,3,96
4,4,234
5,5,149
6,6,150
7,7,556
8,8,549
9,9,557
10,10,561
11,11,132
12,12,143
13,13,109
14,14,119
15,15,120
16,16,121
17,17,123
18,18,124
19,19,125
20,20,129
21,21,130
22,22,131
23,23,133
24,24,134
25,25,135
26,26,136
27,27,137
28,28,138
29,29,207
30,30,140
31,31,141
32,32,142
33,33,144
34,34,145
35,35,146
36,36,148
37,37,159
38,38,161
39,39,162
40,40,171
41,41,18
42,42,74
43,43,14
44,44,75
45,45,122
46,46,13
47,47,108
48,47,115
49,48,110
50,49,111
51,50,112
52,51,113
53,52,114
54,53,20
55,53,163
56,54,116
57,55,117
58,56,563
59,57,160
60,58,550
61,59,9
62,60,551
63,61,98
64,62,105
65,63,107
66,64,147
67,65,16
68,66,58
69,67,59
70,68,127
71,69,12
72,70,93
73,70,152
74,71,92
75,72,56
76,73,79
77,74,80
78,75,81
79,76,82
80,77,552
81,78,554
82,79,558
83,80,2
84,81,3
85,82,28
86,82,196
87,83,553
88,84,555
89,85,559
90,86,50
91,87,11
92,88,71
93,89,72
94,90,6
95,91,7
96,92,8
97,93,57
98,94,61
99,95,62
100,96,63
101,97,64
102,98,65
103,99,761
104,100,87
105,101,21
106,102,22
107,103,23
108,104,24
109,105,762
110,106,5
111,107,763
112,108,10
113,109,24
114,109,205
115,110,185
116,110,222
117,111,723
118,112,733
119,113,730
120,114,629
121,114,630
122,115,76
123,115,139
124,115,202
125,116,564
126,116,565
127,116,566
128,117,157
129,117,186
130,117,203
131,118,724
132,118,725
133,118,726
134,119,727
135,119,728
136,119,729
137,120,88
138,120,192
139,120,213
140,120,215
141,121,88
142,121,192
143,121,212
144,121,223
145,122,97
146,122,192
147,122,211
148,122,227
149,123,35
150,123,76
151,123,202
152,123,224
153,124,118
154,124,186
155,124,203
156,124,223
157,125,187
158,125,203
159,125,204
160,125,208
161,126,4
162,126,84
163,126,190
164,126,214
165,127,799
166,127,800
167,128,175
168,128,192
169,128,212
170,128,226
171,128,229
172,129,126
173,129,188
174,129,209
175,129,226
176,129,229
177,130,43
178,131,89
179,131,190
180,131,217
181,131,220
182,131,225
183,131,228
184,132,88
185,132,192
186,132,218
187,132,221
188,132,226
189,132,229
190,133,69
191,133,89
192,133,190
193,133,217
194,133,225
195,133,228
196,134,95
197,134,188
198,134,216
199,134,219
200,134,226
201,134,229
202,135,596
203,136,798
204,137,38
205,137,189
206,138,39
207,138,192
208,139,41
209,139,193
210,140,42
211,140,194
212,141,36
213,141,202
214,142,47
215,142,184
216,143,448
217,143,449
218,144,450
219,144,451
220,145,456
221,145,457
222,146,26
223,147,462
224,147,463
225,148,466
226,148,467
227,149,468
228,149,469
229,150,479
230,150,480
231,151,482
232,151,483
233,152,484
234,152,485
235,153,493
236,153,494
237,154,500
238,154,501
239,155,502
240,155,503
241,156,504
242,156,505
243,157,506
244,157,507
245,158,508
246,158,509
247,159,510
248,159,511
249,160,512
250,160,513
251,161,516
252,161,517
253,162,523
254,162,524
255,163,568
256,163,569
257,164,570
258,164,571
259,165,572
260,165,573
261,166,583
262,166,584
263,167,585
264,167,586
265,168,587
266,168,588
267,169,589
268,169,590
269,170,591
270,170,592
271,171,593
272,171,594
273,172,595
274,172,596
275,173,597
276,173,598
277,174,737
278,174,738
279,175,627
280,175,628
281,176,661
282,176,662
283,177,666
284,177,667
285,178,668
286,178,669
287,179,670
288,179,671
289,180,672
290,180,673
291,181,674
292,181,675
293,182,676
294,182,677
295,183,678
296,183,679
297,184,680
298,184,681
299,185,682
300,185,683
301,186,684
302,186,685
303,187,690
304,187,691
305,188,692
306,188,693
307,189,694
308,189,695
309,190,696
310,190,697
311,191,698
312,191,699
313,192,700
314,192,701
315,193,702
316,193,703
317,194,704
318,194,705
319,195,708
320,195,709
321,196,715
322,196,716
323,197,717
324,197,718
325,198,719
326,198,720
327,199,721
328,199,722
329,200,739
330,200,740
331,201,741
332,201,742
333,202,743
334,202,744
335,203,745
336,203,746
337,204,747
338,204,748
339,205,749
340,205,750
341,206,751
342,206,752
343,207,753
344,207,754
345,208,755
346,208,756
347,209,757
348,209,758
349,210,766
350,210,767
351,211,768
352,211,769
353,212,770
354,212,771
355,213,772
356,213,773
357,214,774
358,214,803
359,215,775
360,215,804
361,216,776
362,216,805
363,217,782
364,217,783
365,218,784
366,218,785
367,219,786
368,219,787
369,220,788
370,220,789
371,221,790
372,221,791
373,222,792
374,222,793
375,223,794
376,223,795
377,224,487
378,224,488
379,225,40
380,225,190
381,226,20
382,226,210
383,227,37
384,227,188
385,228,460
386,228,461
387,229,151
388,229,250
389,229,251
390,230,710
391,230,711
392,231,612
393,231,613
394,232,764
395,232,765
396,233,188
397,234,192
398,235,194
399,236,712
400,237,731
401,237,732
402,238,734
403,238,735
404,239,53
405,239,182
406,240,52
407,240,181
408,241,90
409,241,155
410,242,55
411,242,177
412,243,51
413,243,180
414,244,53
415,244,182
416,245,458
417,245,459
418,246,514
419,246,515
420,247,176
421,248,177
422,249,178
423,250,179
424,251,180
425,252,182
426,253,533
427,254,534
428,255,535
429,256,560
430,257,760
431,258,48
432,259,101
433,260,15
434,261,158
435,262,10
436,262,91
437,263,464
438,263,465
439,264,165
440,265,166
441,266,99
442,267,777
443,267,806
444,268,481
445,269,486
446,270,495
447,271,496
448,272,497
449,273,780
450,274,781
451,275,498
452,276,525
453,276,526
454,277,540
455,277,541
456,278,546
457,278,547
458,279,499
459,280,528
460,281,529
461,281,530
462,282,531
463,282,532
464,283,536
465,283,537
466,284,538
467,284,539
468,285,543
469,285,544
470,286,599
471,286,600
472,287,598
473,288,454
474,289,100
475,290,166
476,290,206
477,291,49
478,291,183
479,292,66
480,292,169
481,293,70
482,293,168
483,294,67
484,294,169
485,295,68
486,295,170
487,296,452
488,296,453
489,297,518
490,297,519
491,298,706
492,298,707
493,299,455
494,300,169
495,300,172
496,300,188
497,301,170
498,301,173
499,301,192
500,302,128
501,302,183
502,302,203
503,303,470
504,303,471
505,303,472
506,304,474
507,304,475
508,304,476
509,305,520
510,305,521
511,305,522
512,306,605
513,306,606
514,306,607
515,307,663
516,307,664
517,307,665
518,308,575
519,308,576
520,308,577
521,309,17
522,310,19
523,311,78
524,312,778
525,312,779
526,313,473
527,314,477
528,315,478
529,316,567
530,317,578
531,318,579
532,318,580
533,318,581
534,319,582
535,320,574
536,321,44
537,322,45
538,323,46
539,323,203
540,324,492
541,325,527
542,326,542
543,327,548
544,328,60
545,329,796
546,329,797
547,330,631
548,330,632
549,331,633
550,331,634
551,332,635
552,332,636
553,333,637
554,333,638
555,334,639
556,334,640
557,335,641
558,335,642
559,336,643
560,336,644
561,337,645
562,337,646
563,338,647
564,338,648
565,339,649
566,339,650
567,340,651
568,340,652
569,341,653
570,341,654
571,342,655
572,342,656
573,343,657
574,343,658
575,344,659
576,344,660
577,345,618
578,345,619
579,346,29
580,346,195
581,347,28
582,347,196
583,348,30
584,348,197
585,349,31
586,349,198
587,350,32
588,350,199
589,351,33
590,351,200
591,352,34
592,352,201
593,353,608
594,353,609
595,354,610
596,354,611
597,355,623
598,355,624
599,356,686
600,356,687
601,357,622
602,358,621
603,359,688
604,359,689
605,360,620
606,361,713
607,361,714
608,362,27
609,363,86
610,364,1
611,365,614
612,365,615
613,366,489
614,366,490
615,366,491
616,367,736
617,368,759
618,369,68
619,370,25
620,371,54
621,371,176
622,372,601
623,373,616
624,373,617
625,374,602
626,374,603
627,375,604
628,376,73
629,377,77
630,378,83
631,379,85
632,380,94
633,381,102
634,382,103
635,383,104
636,384,106
637,385,153
638,386,167
639,387,191
640,388,174
641,389,164
642,390,230
643,391,203
644,392,231
645,393,232
646,394,233
647,395,545
648,396,625
649,396,626
650,397,562
651,397,563
652,398,235
653,398,236
654,399,237
655,399,238
656,400,241
657,400,242
658,401,239
659,401,240
660,402,801
661,402,802
662,403,243
663,404,244
664,404,245
665,404,246
666,405,247
667,405,248
668,405,249
669,406,807
670,406,808
671,406,809
672,407,315
673,407,318
674,408,192
675,408,316
676,408,317
677,409,188
678,409,319
679,409,320
680,409,321
681,410,325
682,410,326
683,411,327
684,411,328
685,412,190
686,412,327
687,412,329
688,413,810
689,413,811
690,414,812
691,414,813
692,415,188
693,416,569
694,417,571
695,418,573
696,419,584
697,420,586
698,421,588
699,422,590
700,423,592
701,424,594
702,425,802
703,426,330
704,427,330
705,428,331
706,429,332
707,430,333
708,430,334
709,431,814
710,431,815
711,432,335
712,433,336
713,434,337
714,435,338
715,436,339
716,437,816
717,437,817
718,438,818
719,439,819
720,439,820
721,440,821
722,441,822
723,442,823
724,442,824
725,442,825
726,443,828
727,443,829
728,444,830
729,444,831
730,445,832
731,445,833
732,446,344
733,447,345
734,448,346
735,449,347
736,450,348
737,451,349
738,452,350
739,453,351
740,454,352
741,455,353
742,456,354
743,457,355
744,458,356
745,459,357
746,460,358
747,461,359
748,462,360
749,463,313
750,464,314
751,465,289
752,466,290
753,467,291
754,468,292
755,469,293
756,470,294
757,471,295
758,472,296
759,473,297
760,474,298
761,475,300
762,476,301
763,477,302
764,478,309
765,479,310
766,480,311
767,481,312
768,482,303
769,482,304
770,482,305
771,483,299
772,483,308
773,484,897
774,484,898
775,485,900
776,485,901
777,486,903
778,486,904
779,487,906
780,487,907
781,488,909
782,488,910
783,489,862
784,489,863
785,490,864
786,491,865
787,491,866
788,492,867
789,493,868
790,493,869
791,494,870
792,495,871
793,495,872
794,496,873
795,497,874
796,497,875
797,498,876
798,499,877
799,499,878
800,500,879
801,501,880
802,501,881
803,502,882
804,503,883
805,503,884
806,504,885
807,505,886
808,505,887
809,506,888
810,507,889
811,507,890
812,508,891
813,509,892
814,509,893
815,510,894
816,510,895
817,511,896
818,512,844
819,512,845
820,513,846
821,514,847
822,514,848
823,515,849
824,516,850
825,516,851
826,517,852
827,518,853
828,518,854
829,519,855
830,520,856
831,520,857
832,521,858
833,522,859
834,522,860
835,523,861
836,524,835
837,524,836
838,525,837
839,526,838
840,526,839
841,527,840
842,528,841
843,528,842
844,529,843
845,530,834
846,531,306
847,532,307
848,533,299
849,534,899
850,535,902
851,536,905
852,537,908
853,538,911
854,539,912
855,539,913
856,540,914
857,541,915
858,541,916
859,542,917
860,543,918
861,543,919
862,544,920
863,545,921
864,545,922
865,546,923
866,547,278
867,548,928
868,548,929
869,549,930
870,550,931
871,550,932
872,551,933
873,552,934
874,552,935
875,553,936
876,554,940
877,554,941
878,555,942
879,556,943
880,556,944
881,557,945
882,558,946
883,558,947
884,559,948
885,560,952
886,560,953
887,561,954
888,562,955
889,562,956
890,563,957
891,564,958
892,564,959
893,565,960
894,566,965
895,566,966
896,567,967
897,568,968
898,568,969
899,569,970
900,570,971
901,570,972
902,571,973
903,572,992
904,572,993
905,573,994
906,574,995
907,574,996
908,575,997
909,576,998
910,576,999
911,577,1000
912,578,1008
913,578,1009
914,579,1010
915,580,1011
916,580,1012
917,581,1013
918,582,1014
919,582,1015
920,583,1016
921,584,1017
922,584,1018
923,585,1019
924,586,1032
925,586,1033
926,587,1034
927,588,1035
928,588,1036
929,589,1037
930,590,1038
931,590,1039
932,591,1040
933,592,1060
934,592,1061
935,593,1062
936,594,1063
937,594,1064
938,595,1065
939,596,937
940,597,961
941,598,924
942,598,925
943,599,1004
944,599,1005
945,600,1006
946,600,1007
947,601,1026
948,601,1027
949,602,1028
950,602,1029
951,603,938
952,603,939
953,604,962
954,604,963
955,605,926
956,605,927
957,606,949
958,606,950
959,607,974
960,607,975
961,608,1030
962,608,1031
963,609,977
964,609,978
965,610,1043
966,610,1044
967,611,980
968,611,981
969,612,982
970,613,983
971,613,984
972,614,985
973,615,986
974,615,987
975,616,988
976,617,989
977,617,990
978,618,991
979,619,1001
980,619,1002
981,620,1003
982,621,1023
983,621,1024
984,622,1025
985,623,1045
986,623,1046
987,624,1047
988,625,1048
989,625,1049
990,626,1050
991,627,1051
992,627,1052
993,628,1053
994,629,1054
995,629,1055
996,630,1056
997,631,1057
998,631,1058
999,632,1059
1000,633,1066
1001,633,1067
1002,634,1068
1003,635,252
1004,635,263
1005,636,951
1006,637,1022
1007,638,1041
1008,639,1042
1009,640,274
1010,641,283
1011,642,284
1012,643,1020
1013,644,1021
1014,645,255
1015,646,256
1016,647,257
1017,648,258
1018,649,259
1019,650,260
1020,651,261
1021,652,262
1022,653,266
1023,654,267
1024,655,268
1025,656,269
1026,657,270
1027,658,271
1028,659,272
1029,660,273
1030,661,285
1031,661,286
1032,662,287
1033,662,288
1034,663,253
1035,663,254
1036,664,264
1037,664,265
1038,665,53
1039,665,252
1040,666,53
1041,666,252
1042,667,275
1043,668,276
1044,669,277
1045,670,236
1046,670,279
1047,671,238
1048,671,280
1049,672,240
1050,672,281
1051,673,242
1052,673,282
1053,674,964
1054,675,976
1055,676,979
1056,677,177
1057,677,322
1058,677,323
1059,677,324
1060,678,1069
1061,678,1070
1062,679,1071
1063,680,340
1064,680,341
1065,681,826
1066,681,827
1067,682,1072
1068,682,1073
1069,683,342
1070,683,343
1071,684,361
1072,684,362
1073,685,363
1074,686,364
1075,687,365
1076,687,366
1077,688,367
1078,688,368
1079,689,369
1080,689,370
1081,690,371
1082,690,372
1083,691,373
1084,691,374
1085,692,375
1086,692,376
1087,692,377
1088,693,378
1089,693,379
1090,694,380
1091,694,381
1092,695,382
1093,696,383
1094,697,384
1095,697,385
1096,698,386
1097,698,387
1098,699,388
1099,699,389
1100,699,390
1101,700,188
1102,700,391
1103,700,392
1104,700,393
1105,701,151
1106,701,390
1107,701,394
1108,701,395
1109,702,395
1110,702,396
1111,703,397
1112,703,398
1113,704,151
1114,704,395
1115,704,399
1116,705,151
1117,705,398
1118,705,404
1119,706,390
1120,706,395
1121,706,400
1122,707,390
1123,707,398
1124,707,401
1125,708,151
1126,708,390
1127,708,398
1128,708,402
1129,709,151
1130,709,394
1131,709,403
1132,710,180
1133,710,426
1134,710,432
1135,711,425
1136,712,405
1137,712,406
1138,713,407
1139,714,406
1140,714,426
1141,714,433
1142,715,408
1143,715,409
1144,716,429
1145,716,430
1146,716,431
1147,717,434
1148,717,435
1149,718,410
1150,718,411
1151,719,412
1152,720,436
1153,720,437
1154,721,438
1155,721,439
1156,722,413
1157,723,414
1158,724,415
1159,724,416
1160,725,417
1161,726,440
1162,726,441
1163,727,442
1164,727,443
1165,728,444
1166,728,445
1167,729,446
1168,729,447
1169,730,418
1170,730,419
1171,731,420
1172,732,421
1173,733,422
1174,733,423
1175,733,424
1176,734,427
1177,734,428
