"Chellow Id","SSC Chellow Id","TPR Chellow Id"
1,1,154
2,2,156
3,3,96
4,4,234
5,5,149
6,6,150
7,7,503
8,8,496
9,9,504
10,10,508
11,11,132
12,12,143
13,13,109
14,14,119
15,15,120
16,16,121
17,17,123
18,18,124
19,19,125
20,20,129
21,21,130
22,22,131
23,23,133
24,24,134
25,25,135
26,26,136
27,27,137
28,28,138
29,29,207
30,30,140
31,31,141
32,32,142
33,33,144
34,34,145
35,35,146
36,36,148
37,37,159
38,38,161
39,39,162
40,40,171
41,41,18
42,42,74
43,43,14
44,44,75
45,45,122
46,46,13
47,47,108
48,47,115
49,48,110
50,49,111
51,50,112
52,51,113
53,52,114
54,53,20
55,53,163
56,54,116
57,55,117
58,56,510
59,57,160
60,58,497
61,59,9
62,60,498
63,61,98
64,62,578
65,63,579
66,64,105
67,65,107
68,66,147
69,67,16
70,68,58
71,69,59
72,70,127
73,71,12
74,72,93
75,72,152
76,73,92
77,74,56
78,75,79
79,76,80
80,77,81
81,78,82
82,79,499
83,80,501
84,81,505
85,82,2
86,83,3
87,84,28
88,84,196
89,85,500
90,86,502
91,87,506
92,88,50
93,89,11
94,90,71
95,91,72
96,92,6
97,93,7
98,94,8
99,95,57
100,96,61
101,97,62
102,98,63
103,99,64
104,100,65
105,101,710
106,102,87
107,103,21
108,104,22
109,105,23
110,106,24
111,107,711
112,108,5
113,109,712
114,110,10
115,111,24
116,111,205
117,112,185
118,112,222
119,113,672
120,114,682
121,115,679
122,116,576
123,116,577
124,117,76
125,117,139
126,117,202
127,118,511
128,118,512
129,118,513
130,119,157
131,119,186
132,119,203
133,120,673
134,120,674
135,120,675
136,121,676
137,121,677
138,121,678
139,122,88
140,122,192
141,122,213
142,122,215
143,123,88
144,123,192
145,123,212
146,123,223
147,124,97
148,124,192
149,124,211
150,124,227
151,125,35
152,125,76
153,125,202
154,125,224
155,126,118
156,126,186
157,126,203
158,126,223
159,127,187
160,127,203
161,127,204
162,127,208
163,128,4
164,128,84
165,128,190
166,128,214
167,129,748
168,129,749
169,130,175
170,130,192
171,130,212
172,130,226
173,130,229
174,131,126
175,131,188
176,131,209
177,131,226
178,131,229
179,132,43
180,133,89
181,133,190
182,133,217
183,133,220
184,133,225
185,133,228
186,134,88
187,134,192
188,134,218
189,134,221
190,134,226
191,134,229
192,135,69
193,135,89
194,135,190
195,135,217
196,135,225
197,135,228
198,136,95
199,136,188
200,136,216
201,136,219
202,136,226
203,136,229
204,137,543
205,138,747
206,139,38
207,139,189
208,140,39
209,140,192
210,141,41
211,141,193
212,142,42
213,142,194
214,143,36
215,143,202
216,144,47
217,144,184
218,145,395
219,145,396
220,146,397
221,146,398
222,147,403
223,147,404
224,148,26
225,149,409
226,149,410
227,150,413
228,150,414
229,151,415
230,151,416
231,152,426
232,152,427
233,153,429
234,153,430
235,154,431
236,154,432
237,155,440
238,155,441
239,156,447
240,156,448
241,157,449
242,157,450
243,158,451
244,158,452
245,159,453
246,159,454
247,160,455
248,160,456
249,161,457
250,161,458
251,162,459
252,162,460
253,163,463
254,163,464
255,164,470
256,164,471
257,165,515
258,165,516
259,166,517
260,166,518
261,167,519
262,167,520
263,168,530
264,168,531
265,169,532
266,169,533
267,170,534
268,170,535
269,171,536
270,171,537
271,172,538
272,172,539
273,173,540
274,173,541
275,174,542
276,174,543
277,175,544
278,175,545
279,176,686
280,176,687
281,177,574
282,177,575
283,178,610
284,178,611
285,179,615
286,179,616
287,180,617
288,180,618
289,181,619
290,181,620
291,182,621
292,182,622
293,183,623
294,183,624
295,184,625
296,184,626
297,185,627
298,185,628
299,186,629
300,186,630
301,187,631
302,187,632
303,188,633
304,188,634
305,189,639
306,189,640
307,190,641
308,190,642
309,191,643
310,191,644
311,192,645
312,192,646
313,193,647
314,193,648
315,194,649
316,194,650
317,195,651
318,195,652
319,196,653
320,196,654
321,197,657
322,197,658
323,198,664
324,198,665
325,199,666
326,199,667
327,200,668
328,200,669
329,201,670
330,201,671
331,202,688
332,202,689
333,203,690
334,203,691
335,204,692
336,204,693
337,205,694
338,205,695
339,206,696
340,206,697
341,207,698
342,207,699
343,208,700
344,208,701
345,209,702
346,209,703
347,210,704
348,210,705
349,211,706
350,211,707
351,212,715
352,212,716
353,213,717
354,213,718
355,214,719
356,214,720
357,215,721
358,215,722
359,216,723
360,216,752
361,217,724
362,217,753
363,218,725
364,218,754
365,219,731
366,219,732
367,220,733
368,220,734
369,221,735
370,221,736
371,222,737
372,222,738
373,223,739
374,223,740
375,224,741
376,224,742
377,225,743
378,225,744
379,226,434
380,226,435
381,227,40
382,227,190
383,228,20
384,228,210
385,229,37
386,229,188
387,230,407
388,230,408
389,231,151
390,231,250
391,231,251
392,232,659
393,232,660
394,233,559
395,233,560
396,234,713
397,234,714
398,235,188
399,236,192
400,237,194
401,238,661
402,239,680
403,239,681
404,240,683
405,240,684
406,241,53
407,241,182
408,242,52
409,242,181
410,243,90
411,243,155
412,244,55
413,244,177
414,245,51
415,245,180
416,246,53
417,246,182
418,247,405
419,247,406
420,248,461
421,248,462
422,249,176
423,250,177
424,251,178
425,252,179
426,253,180
427,254,182
428,255,480
429,256,481
430,257,482
431,258,507
432,259,709
433,260,48
434,261,101
435,262,15
436,263,158
437,264,10
438,264,91
439,265,411
440,265,412
441,266,165
442,267,166
443,268,99
444,269,726
445,269,755
446,270,428
447,271,433
448,272,442
449,273,443
450,274,444
451,275,729
452,276,730
453,277,445
454,278,472
455,278,473
456,279,487
457,279,488
458,280,493
459,280,494
460,281,446
461,282,475
462,283,476
463,283,477
464,284,478
465,284,479
466,285,483
467,285,484
468,286,485
469,286,486
470,287,490
471,287,491
472,288,546
473,288,547
474,289,545
475,290,401
476,291,100
477,292,166
478,292,206
479,293,49
480,293,183
481,294,66
482,294,169
483,295,70
484,295,168
485,296,67
486,296,169
487,297,68
488,297,170
489,298,399
490,298,400
491,299,465
492,299,466
493,300,655
494,300,656
495,301,402
496,302,169
497,302,172
498,302,188
499,303,170
500,303,173
501,303,192
502,304,128
503,304,183
504,304,203
505,305,417
506,305,418
507,305,419
508,306,421
509,306,422
510,306,423
511,307,467
512,307,468
513,307,469
514,308,552
515,308,553
516,308,554
517,309,612
518,309,613
519,309,614
520,310,522
521,310,523
522,310,524
523,311,17
524,312,19
525,313,78
526,314,727
527,314,728
528,315,420
529,316,424
530,317,425
531,318,514
532,319,525
533,320,526
534,320,527
535,320,528
536,321,529
537,322,521
538,323,44
539,324,45
540,325,46
541,325,203
542,326,439
543,327,474
544,328,489
545,329,495
546,330,60
547,331,745
548,331,746
549,332,580
550,332,581
551,333,582
552,333,583
553,334,584
554,334,585
555,335,586
556,335,587
557,336,588
558,336,589
559,337,590
560,337,591
561,338,592
562,338,593
563,339,594
564,339,595
565,340,596
566,340,597
567,341,598
568,341,599
569,342,600
570,342,601
571,343,602
572,343,603
573,344,604
574,344,605
575,345,606
576,345,607
577,346,608
578,346,609
579,347,565
580,347,566
581,348,29
582,348,195
583,349,28
584,349,196
585,350,30
586,350,197
587,351,31
588,351,198
589,352,32
590,352,199
591,353,33
592,353,200
593,354,34
594,354,201
595,355,555
596,355,556
597,356,557
598,356,558
599,357,570
600,357,571
601,358,635
602,358,636
603,359,569
604,360,568
605,361,637
606,361,638
607,362,567
608,363,662
609,363,663
610,364,27
611,365,86
612,366,1
613,367,561
614,367,562
615,368,436
616,368,437
617,368,438
618,369,685
619,370,708
620,371,68
621,372,25
622,373,54
623,373,176
624,374,548
625,375,563
626,375,564
627,376,549
628,376,550
629,377,551
630,378,73
631,379,77
632,380,83
633,381,85
634,382,94
635,383,102
636,384,103
637,385,104
638,386,106
639,387,153
640,388,167
641,389,191
642,390,174
643,391,164
644,392,230
645,393,203
646,394,231
647,395,232
648,396,233
649,397,492
650,398,572
651,398,573
652,399,509
653,399,510
654,400,235
655,400,236
656,401,237
657,401,238
658,402,241
659,402,242
660,403,239
661,403,240
662,404,750
663,404,751
664,405,243
665,406,244
666,406,245
667,406,246
668,407,247
669,407,248
670,407,249
671,408,756
672,408,757
673,408,758
674,409,88
675,409,192
676,409,315
677,410,316
678,410,319
679,411,192
680,411,317
681,411,318
682,412,188
683,412,320
684,412,321
685,412,322
686,413,326
687,413,327
688,414,328
689,414,329
690,415,190
691,415,328
692,415,330
693,416,759
694,416,760
695,417,761
696,417,762
697,418,188
698,419,516
699,420,518
700,421,520
701,422,531
702,423,533
703,424,535
704,425,537
705,426,539
706,427,541
707,428,751
708,429,331
709,430,331
710,431,332
711,432,333
712,433,334
713,433,335
714,434,763
715,434,764
716,435,336
717,436,337
718,437,338
719,438,339
720,439,340
721,440,190
722,440,341
723,440,342
724,441,190
725,441,224
726,441,341
727,441,343
728,442,765
729,442,766
730,443,767
731,444,768
732,444,769
733,445,770
734,446,771
735,447,772
736,447,773
737,447,774
738,448,777
739,448,778
740,449,779
741,449,780
742,450,781
743,450,782
744,451,348
745,452,349
746,453,350
747,454,351
748,455,352
749,456,353
750,457,354
751,458,355
752,459,356
753,460,357
754,461,358
755,462,359
756,463,360
757,464,361
758,465,362
759,466,363
760,467,364
761,468,313
762,469,314
763,470,289
764,471,290
765,472,291
766,473,292
767,474,293
768,475,294
769,476,295
770,477,296
771,478,297
772,479,298
773,480,300
774,481,301
775,482,302
776,483,309
777,484,310
778,485,311
779,486,312
780,487,303
781,487,304
782,487,305
783,488,299
784,488,308
785,489,846
786,489,847
787,490,849
788,490,850
789,491,852
790,491,853
791,492,855
792,492,856
793,493,858
794,493,859
795,494,811
796,494,812
797,495,813
798,496,814
799,496,815
800,497,816
801,498,817
802,498,818
803,499,819
804,500,820
805,500,821
806,501,822
807,502,823
808,502,824
809,503,825
810,504,826
811,504,827
812,505,828
813,506,829
814,506,830
815,507,831
816,508,832
817,508,833
818,509,834
819,510,835
820,510,836
821,511,837
822,512,838
823,512,839
824,513,840
825,514,841
826,514,842
827,515,843
828,515,844
829,516,845
830,517,793
831,517,794
832,518,795
833,519,796
834,519,797
835,520,798
836,521,799
837,521,800
838,522,801
839,523,802
840,523,803
841,524,804
842,525,805
843,525,806
844,526,807
845,527,808
846,527,809
847,528,810
848,529,784
849,529,785
850,530,786
851,531,787
852,531,788
853,532,789
854,533,790
855,533,791
856,534,792
857,535,783
858,536,306
859,537,307
860,538,299
861,539,848
862,540,851
863,541,854
864,542,857
865,543,860
866,544,861
867,544,862
868,545,863
869,546,864
870,546,865
871,547,866
872,548,867
873,548,868
874,549,869
875,550,870
876,550,871
877,551,872
878,552,278
879,553,877
880,553,878
881,554,879
882,555,880
883,555,881
884,556,882
885,557,883
886,557,884
887,558,885
888,559,889
889,559,890
890,560,891
891,561,892
892,561,893
893,562,894
894,563,895
895,563,896
896,564,897
897,565,901
898,565,902
899,566,903
900,567,904
901,567,905
902,568,906
903,569,907
904,569,908
905,570,909
906,571,914
907,571,915
908,572,916
909,573,917
910,573,918
911,574,919
912,575,920
913,575,921
914,576,922
915,577,941
916,577,942
917,578,943
918,579,944
919,579,945
920,580,946
921,581,947
922,581,948
923,582,949
924,583,957
925,583,958
926,584,959
927,585,960
928,585,961
929,586,962
930,587,963
931,587,964
932,588,965
933,589,966
934,589,967
935,590,968
936,591,982
937,591,983
938,592,984
939,593,985
940,593,986
941,594,987
942,595,988
943,595,989
944,596,990
945,597,1010
946,597,1011
947,598,1012
948,599,1013
949,599,1014
950,600,1015
951,601,886
952,602,910
953,603,873
954,603,874
955,604,953
956,604,954
957,605,955
958,605,956
959,606,975
960,606,976
961,607,977
962,607,978
963,608,887
964,608,888
965,609,911
966,609,912
967,610,875
968,610,876
969,611,898
970,611,899
971,612,923
972,612,924
973,613,979
974,613,980
975,614,926
976,614,927
977,615,993
978,615,994
979,616,929
980,616,930
981,617,931
982,618,932
983,618,933
984,619,934
985,620,935
986,620,936
987,621,937
988,622,938
989,622,939
990,623,940
991,624,950
992,624,951
993,625,952
994,626,972
995,626,973
996,627,974
997,628,995
998,628,996
999,629,997
1000,630,998
1001,630,999
1002,631,1000
1003,632,1001
1004,632,1002
1005,633,1003
1006,634,1004
1007,634,1005
1008,635,1006
1009,636,1007
1010,636,1008
1011,637,1009
1012,638,1016
1013,638,1017
1014,639,1018
1015,640,252
1016,640,263
1017,641,900
1018,642,971
1019,643,991
1020,644,992
1021,645,274
1022,646,283
1023,647,284
1024,648,969
1025,649,970
1026,650,255
1027,651,256
1028,652,257
1029,653,258
1030,654,259
1031,655,260
1032,656,261
1033,657,262
1034,658,266
1035,659,267
1036,660,268
1037,661,269
1038,662,270
1039,663,271
1040,664,272
1041,665,273
1042,666,285
1043,666,286
1044,667,287
1045,667,288
1046,668,253
1047,668,254
1048,669,264
1049,669,265
1050,670,53
1051,670,252
1052,671,53
1053,671,252
1054,672,981
1055,673,275
1056,674,276
1057,675,277
1058,676,236
1059,676,279
1060,677,238
1061,677,280
1062,678,240
1063,678,281
1064,679,242
1065,679,282
1066,680,913
1067,681,925
1068,682,928
1069,683,177
1070,683,323
1071,683,324
1072,683,325
1073,684,1019
1074,684,1020
1075,685,1021
1076,686,344
1077,686,345
1078,687,775
1079,687,776
1080,688,1022
1081,688,1023
1082,689,346
1083,689,347
1084,690,365
1085,690,366
1086,691,367
1087,692,368
1088,693,369
1089,693,370
1090,694,371
1091,694,372
1092,695,373
1093,695,374
1094,696,375
1095,696,376
1096,697,377
1097,697,378
1098,698,379
1099,698,380
1100,698,381
1101,699,382
1102,699,383
1103,700,384
1104,700,385
1105,701,386
1106,702,387
1107,703,388
1108,703,389
1109,704,390
1110,704,391
1111,705,392
1112,705,393
1113,705,394
